{
  "total_trades": 524,
  "net_pnl": 141325.50000000373,
  "hpr": 0.0003533137500000093,
  "sharpe": 0.5016692158293773,
  "max_drawdown": -0.0003179707901510092,
  "win_rate": 0.3931297709923664,
  "avg_win": 9186.4737864078,
  "avg_loss": -5506.566352201267
}