{
  "bb_mult": 1.6679777824163677,
  "kc_mult": 1.5499831957924641,
  "vol_mult": 1.5433170664427347,
  "tp_atr": 3.780709171208949,
  "sl_atr": 1.4468499247992341,
  "mom_period": 10,
  "cooldown_bars": 4
}