{
  "total_trades": 568,
  "net_pnl": -4425.399999996884,
  "hpr": -1.1063499999992209e-05,
  "sharpe": -0.020244150077422356,
  "max_drawdown": -0.0006237108463342547,
  "win_rate": 0.3538732394366197,
  "avg_win": 5980.546268656745,
  "avg_loss": -3287.507356948237
}